{
  "u_scale": 0.1115918621165586,
  "v_scale": 0.031549953988328217,
  "global_scale": 0.03576030893266886,
  "effective_u_scale": 0.003990559463659922,
  "effective_v_scale": 0.0011282361014341052,
  "piv_reference": {
    "u_mean": 0.0009522917332820907,
    "v_mean": 0.0010208706917755573,
    "mag_mean": 0.0017557295927890962,
    "mag_std": 0.0017365686150973437,
    "mass_flow_rate": 1.4668128210595918e-06,
    "n_points": 2602
  }
}