{
  "u_scale": 0.058230542978530114,
  "v_scale": -0.03254986804880472,
  "global_scale": 0.03270175658556352,
  "effective_u_scale": 0.0019042410423290867,
  "effective_v_scale": -0.0010644378618242234,
  "piv_reference": {
    "u_mean": 0.0009522917332820907,
    "v_mean": 0.0010208706917755573,
    "mag_mean": 0.0017557295927890962,
    "mag_std": 0.0017365686150973437,
    "mass_flow_rate": 1.4668128210595918e-06,
    "n_points": 2602
  }
}